mz,matched_mz,tolerance,Compound name,Formula
220.119256,220.1193,0,                                        cis-zeatin,     C10H14N5O
676.491198,676.4912,0,                                 PC(10:0/18:1(9Z)),    C36H71NO8P
702.506796,702.5068,0,                             PC(12:0/18:2(9Z,12Z))
341.2013668,341.2014,0,                                       Penthienate,    C18H31NO3S
475.1809764,475.181,0,1,2-Di-O-Beta-D-Glucopyranosyl-4-Allylbenzene
280.0927551,280.0928,0,                                  Farylhydrazone A,    C12H14N3O5
251.0234661,251.0234,0,                                       Heptenophos,    C9H13O4PCl
589.155185,589.1552,0,        8-demethyl-8-L-digitoxosyltetracenomycin C,     C28H29O14
339.3368377,339.337,0.0001,                            NA-Putrescine 17:1(9Z),     C21H43N2O
739.6022226,739.6024,0.0001,                           nona-prenylhydroquinone,      C51H79O3
439.066021,439.066,0.0001,                                       Polyozellin,     C22H15O10
329.1647592,329.1648,0.0001,                                 Chromophenazine A,     C22H21N2O
480.3106071,480.3108,0.0002,                16-deethylindanomycin methyl ester,     C30H42NO4
298.0918753,298.0921,0.0002,Hexahydro-6,7-dihydroxy-5-(hydroxymethyl)-3-(2-...
474.2596418,474.2599,0.0002,BENZYL N-({(2S,3S)-3-[(PROPYLAMINO)CARBONYL]OXI...
608.4287929,608.4286,0.0002,                                      PC(19:0/4:0),    C31H63NO8P
297.2785703,297.2788,0.0002,                             10E-nonadecenoic acid,      C19H37O2
480.3086287,480.3085,0.0002,                             LysoPE(0:0/18:1(11Z)),    C23H47NO7P
387.3220554,387.3217,0.0003,alpha-N-(3-hydroxy-14-methyl-pentadecanoyl)-orn...,    C21H43N2O4
243.1355653,243.1353,0.0003,2,4-Diamino-6-Phenyl-5
221.0127483,221.0131,0.0003,                                         CMNPD1885,    C9H11O2Cl2
786.1647168,786.1644,0.0003,                                               FAD, C27H34N9O15P2
242.1859893,242.1863,0.0003,                                    Cyclo(Ile-Lys),    C12H24N3O2
494.3244336,494.3241,0.0003,                                  PC(16:1(9E)/0:0),    C24H49NO7P
563.5037054,563.5034,0.0003,                       FAHFA 18:2(9Z,12Z)/12O-18:0
496.3394281,496.3398,0.0003,1-(2-methoxy-6Z-octadecenyl)-sn-glycero-3-phosp...,    C24H51NO7P
445.2335719,445.2333,0.0003,                                     Caucanolide B,    C24H33N2O6
272.2586982,272.2584,0.0003,                         2-amino-hexadecanoic acid,     C16H34NO2
255.0657803,255.0661,0.0004,       sodium;[(3Z,6Z)-deca-3
251.2373784,251.2369,0.0004,3,4
262.1203733,262.1207,0.0004,                                     villagorgin B,      C16H14N4
696.4602516,696.4599,0.0004,                  PE(13:0/20:5(5Z,8Z
769.5009576,769.5014,0.0004,                                        CMNPD25021,    C42H74O10P
341.3045359,341.305,0.0005,                         20-oxo-heneicosanoic acid,      C21H41O3
688.1566289,688.1561,0.0005,                                     Dephospho-CoA,C21H36N7O13P2S
230.1868165,230.1863,0.0005,                          N1,N8-diacetylspermidine
300.2902305,300.2897,0.0005,                        12-amino-octadecanoic acid,     C18H38NO2
494.3246407,494.3241,0.0005,                                  PC(16:1(9E)/0:0),    C24H49NO7P
454.2932949,454.2928,0.0005,1-(2-methoxy-13-methyl-6Z-tetradecenyl)-sn-glyc...,    C21H45NO7P
260.165048,260.1645,0.0005,                    2-heptyl-3-hydroxy-4-quinolone,     C16H22NO2
248.2013857,248.2009,0.0005,       1-(Pyrrolidin-1-Yl)Dodeca-2,4
328.3214892,328.321,0.0005,                          C20 3-dehydrosphinganine,     C20H42NO2
152.1075112,152.107,0.0005,1,2
277.1187776,277.1183,0.0005,          5-benzyl-1-(2-hydroxyethoxymethyl)uracil,    C14H17N2O4
477.1961515,477.1967,0.0005,                                     Darendoside A,     C21H33O12
239.0908713,239.0914,0.0005,                                 10-Norparvulenone,      C12H15O5
339.2898221,339.2894,0.0005,(3R,4S)-3-hexadecyl-4-hydroxy-5-methylideneoxol...
267.2687554,267.2682,0.0005,                                    11-octadecenal,       C18H35O
652.4022158,652.4028,0.0006,                                        CMNPD14688,    C31H54N7O8
613.1598156,613.1592,0.0006,                              Glutathione oxidized, C20H33N6O12S2
426.2621224,426.2615,0.0006,                                  LysoPE(0:0/14:0),    C19H41NO7P
255.0981439,255.0975,0.0006,                                        Agaridoxin,    C11H15N2O5
861.4836343,861.4842,0.0006,                            Cyclopassifloic acid V,     C43H73O17
401.1159491,401.1166,0.0006,1-METHYL-5-(2-PHENOXYMETHYL-PYRROLIDINE-1-SULFO...,   C20H21N2O5S
510.2141338,510.2136,0.0006,                       N-carboxamido-staurosporine,    C29H28N5O4
235.1195425,235.1189,0.0006,                                    Cyclo(His-Pro),    C11H15N4O2
209.1905663,209.19,0.0006,10,12-Tetradecadienal
318.1665992,318.166,0.0006,                                       Ala-Asp-Ile,    C13H24N3O6
383.1528889,383.1523,0.0006,               2-Methoxyestradiol-17beta 3-sulfate,     C19H27O6S
578.2775174,578.2782,0.0007,                                   Thuggacin cmc A,    C30H44NO8S
286.2747547,286.274,0.0007,            3-dehydro-15-methylhexadecasphinganine,     C17H36NO2
678.4711183,678.4704,0.0007,1-(2-methoxy-7Z,21Z-octacosadienyl)-sn-glycero-...
452.2779431,452.2772,0.0008,   (3s)-3,4-Di-N-Hexanoyloxybutyl-1-Phosphocholine
440.277918,440.2772,0.0008,1-(2-methoxy-6Z-tetradecenyl)-sn-glycero-3-phos...,    C20H43NO7P
268.1050722,268.1043,0.0008,                                 2`-DEOXYGUANOSINE,    C10H14N5O4
807.5108451,807.51,0.0008,                                         TMC-151 A,     C41H75O15
704.5217082,704.5225,0.0008,                                 PC(12:0/18:1(9Z)),    C38H75NO8P
575.5025398,575.5034,0.0008,1,3-dihydroxypropan-2-yl (5E
549.2586929,549.2595,0.0008,                                   Asukamycin A-II,    C31H37N2O7
440.278015,440.2772,0.0009,1-(2-methoxy-6Z-tetradecenyl)-sn-glycero-3-phos...,    C20H43NO7P
379.1595709,379.1587,0.0009,                                         Abafungin,    C21H23N4OS
505.2544612,505.2536,0.0009,26,26
550.2457874,550.2449,0.0009,                               Sartoryglabramide B,    C32H32N5O4
634.4451228,634.4442,0.0009,                                 PE(12:0/16:1(9Z)),    C33H65NO8P
447.1189675,447.118,0.0009,                                      Cephamycin C,   C16H23N4O9S
338.3426139,338.3417,0.0009,                                       Erucylamide,      C22H44NO
248.1323776,248.1315,0.0009,                                        NA-Cys 8:0,    C11H22NO3S
312.1173874,312.1165,0.0009,                                        Fenamidone,    C17H18N3OS
657.3962882,657.3973,0.001,                                    PI(O-18:0/4:0),    C31H62O12P
769.5024216,769.5014,0.001,                                        CMNPD25021,    C42H74O10P
128.1080146,128.107,0.001,                    1-(1-Pyrrolidinyl)-2-propanone,       C7H14NO
690.4049079,690.4059,0.001,                                  Epi-Fumonisin B4,    C34H60NO13
660.4608889,660.4599,0.001,                             PE(12:0/18:2(9Z,12Z))
389.1373024,389.1383,0.001,3(3',4'-Dimethoxyphenyl)-7-methoxy-4-phenylcoum...
275.0078481,275.0067,0.0011,1,4-Dideoxy-O2-Sulfo-Glucuronic Acid
275.1298103,275.1287,0.0011,2,6-dimethylnonane-1-sodium sulfate
716.5213705,716.5225,0.0011,                             PC(13:0/18:2(9Z,12Z))
424.1071563,424.1061,0.0011,                                     Fibrostatin B,    C19H22NO8S
471.2501716,471.249,0.0012,                                    Conglobatin C1,    C26H35N2O6
350.1698301,350.171,0.0012,                                       Ala-Pro-Tyr,    C17H24N3O5
144.0819553,144.0808,0.0012,                                     1-benzazepine,       C10H10N
359.1048111,359.1036,0.0012,                        D-pantetheine 4'-phosphate,  C11H24N2O7PS
551.3492125,551.3479,0.0013,(+)-(20S)-2Alpha-Hydroxy-20-(Dimethylamino)-3Be...,    C33H47N2O5
692.4169483,692.4157,0.0013,              27-oxo-13,19-didesmethyl spirolide C
251.0709362,251.0696,0.0013,                                           Cys-Glu,    C8H15N2O5S
393.175573,393.1769,0.0013,                                       Asn-Pro-Tyr,    C18H25N4O6
247.1274225,247.1288,0.0014,2,4-diacetamido-2
1020.369159,1020.3678,0.0014,                                 Heptadecanoyl CoA,C38H69N7O17P3S
485.2659742,485.2646,0.0014,                                    Conglobatin B1,    C27H37N2O6
279.0994649,279.1009,0.0014,                                       Gaburedin F,   C10H19N2O5S
152.0582037,152.0567,0.0015,                                  2-Hydroxyadenine,       C5H6N5O
536.2307671,536.2292,0.0015,                                        Asperlicin,    C31H30N5O4
434.2675054,434.269,0.0015,(11)-Cytochalasa-6(12),13
536.2307489,536.2292,0.0015,                                        Asperlicin,    C31H30N5O4
281.1731221,281.1747,0.0016,                             18-Oxo-Aylthonic Acid,      C16H25O4
613.4234847,613.4251,0.0016,    2'-methoxy-3,1'-dihydroxy-beta
283.0747909,283.0732,0.0016,1-chloro-3beta-acetoxy-7-hydroxytrinoreremophil...,    C14H16O4Cl
250.0395892,250.038,0.0016,                            Norepinephrine sulfate,     C8H12NO6S
303.0395505,303.0379,0.0017,7-(bromomethyl)-3,5
488.2756869,488.2773,0.0017,                                     Malyngamide 2,    C25H43O6Cl
359.1578439,359.1561,0.0017,                                       Asn-Glu-Pro,    C14H23N4O7
249.0554345,249.0538,0.0017,                                          NIMAZONE,   C11H10N4OCl
724.4928875,724.4912,0.0017,                  PC(12:0/20:5(5Z,8Z
137.0476093,137.0458,0.0018,                  3H-pyrazolo[4,3-d]pyrimidin-7-ol
343.1310698,343.1329,0.0018,                                        Communin A,      C23H19O3
488.2755655,488.2773,0.0018,                                     Malyngamide 2,    C25H43O6Cl
240.0848316,240.0866,0.0018,                                       Dioxolide B,     C11H14NO5
266.2096941,266.2114,0.0018,                                        CMNPD10497,     C16H28NO2
330.0742701,330.0761,0.0018,                                        Exophialin,     C20H12NO4
295.0907022,295.0925,0.0018,                                  Acromelic acid E,    C13H15N2O6
395.2773739,395.2792,0.0018,        11-Hydroxyeicosatetraenoate glyceryl ester,      C23H39O5
549.2507727,549.249,0.0018,                                    Bistratamide I,   C25H37N6O6S
252.1939046,252.1958,0.0019,1-(2,3-dihydro-1H-pyrrol-1-yl)-2-methyldecane-1...
519.269507,519.2714,0.0019,                                       Lys-Trp-Trp,    C28H35N6O4
706.436519,706.4386,0.002,                                     ahpatinin iBu,    C36H60N5O9
261.1312529,261.1333,0.002,                                       Ficiolide J,      C12H21O6
467.1733845,467.1714,0.002,                                         Tan-1030a,    C27H23N4O4
395.2771843,395.2792,0.002,        11-Hydroxyeicosatetraenoate glyceryl ester,      C23H39O5
266.1729689,266.1751,0.0021,                                     Brasilamide B,     C15H24NO3
242.1001928,242.1023,0.0021,                                     Methocarbamol,     C11H16NO5
442.2642393,442.2622,0.0021,                                    Leukotriene E3,    C23H40NO5S
875.4977864,875.4999,0.0021,                                     Abutiloside C,     C44H75O17
549.2510695,549.249,0.0021,                                    Bistratamide I,   C25H37N6O6S
533.2468423,533.2447,0.0022,                                 tauropinnaic acid, C25H42N2O6SCl
254.100118,254.1023,0.0022,         1-acetoxy-N-salicyloyl-2-aminopropan-3-ol,     C12H16NO5
395.2769884,395.2792,0.0022,        11-Hydroxyeicosatetraenoate glyceryl ester,      C23H39O5
261.1144575,261.1123,0.0022,5,7-dihydroxy-2-methyl-6-(3-methylbut-2-enyl)ch...
361.1754051,361.1776,0.0022,                                     Libertalide J,    C18H30O5Cl
317.1360891,317.1383,0.0023,2-(3,5-Dimethoxyphenyl)-3
378.2000109,378.2023,0.0023,                                       Pro-Tyr-Val,    C19H28N3O5
461.1994334,461.2017,0.0023,2-(3,4-Dihydroxy-4-Hydroxymethyl-Tetrahydro-Fur...
595.2926051,595.2902,0.0025,     12-O-acetyl-3-O-benzoyl-2-epi-ingol 8-tiglate,      C34H43O9
650.4730736,650.4755,0.0025,                                     PC(10:0/16:0),    C34H69NO8P
1027.379944,1027.3824,0.0025,Fuc-alpha-(1->3)-[Man-alpha-(1->6)-[Xyl-beta-(1...,   C39H67N2O29
475.177581,475.1751,0.0025,1,4-Dimethoxy-naphthalene-2-carboxylic acid 3-(...
489.1932956,489.1908,0.0025,                                        Arenarin B,      C29H29O7
519.2689729,519.2714,0.0025,                                       Lys-Trp-Trp,    C28H35N6O4
413.1172534,413.1197,0.0025,                                       Ziprasidone, C21H22N4OS1Cl
206.0419705,206.0448,0.0028,                           3-hydroxykynurenic acid,      C10H8NO4
726.5040227,726.5068,0.0028,                      PC(12:0/20:4(5Z,8Z
549.2432468,549.2461,0.0028,                                       klymollin J,   C26H42O10Cl
503.2095276,503.2123,0.0028,                                           JBIR-37,     C23H35O12
539.3491141,539.352,0.0029,                                  Gelliodesxanthin,      C37H47O3
553.3341659,553.3371,0.0029,[(1S,2S
346.0480079,346.0509,0.0029,                  4-Bromopyrrole-2-carboxyarginine,    C11H17N5O3
620.4314276,620.4286,0.0029,                                 PE(12:0/15:1(9Z)),    C32H63NO8P
440.2243451,440.2214,0.003,                                     Pivmecillinam,   C21H34N3O5S
569.3020376,569.2988,0.0032,                                     Malyngamide Q,  C29H46N2O7Cl
380.1935468,380.1969,0.0033,3-[(2R,5R)-5-Benzyl-3
576.3496399,576.3531,0.0034,                                           ibha#30,     C32H50NO8
499.3747283,499.3782,0.0034,(24E)-3beta-acetoxy-15alpha,26-dihydroxylanosta...
537.1931773,537.1966,0.0035,                                  Bidenlignaside A,     C26H33O12
507.2413878,507.2378,0.0036,                                    Asperlactone G,      C30H35O7
144.0692417,144.0655,0.0037,                                 2-butenoylglycine,      C6H10NO3
564.261998,564.2659,0.0039,                         Taurolithocholate sulfate,   C26H46NO8S2
779.4817304,779.4858,0.004,          PG(15:1(9Z)/22:6(4Z,7Z
459.1223492,459.1263,0.004,1-(4-fluorophenyl)-N-[3-fluoro-4-(1H-pyrrolo[2,...
659.336841,659.3327,0.0042,                                   Phomachalasin B,    C38H47N2O8
775.4350238,775.4392,0.0042,                      PI(12:0/18:4(6Z,9Z
718.5335454,718.5381,0.0046,                                 PC(12:0/19:1(9Z)),    C39H77NO8P
501.2574956,501.2528,0.0047,                                          HM-43239,    C29H34N6Cl
698.4062943,698.411,0.0047,                                    Mycinamicin IX,    C36H60NO12
284.0750393,284.0798,0.0048,                      S-beta-D-glucosyl-L-cysteine,     C9H18NO7S
855.4969338,855.5018,0.0049,              PI(14:0/22:6(4Z,7Z
837.2876517,837.2825,0.0052,                                Uroporphyrinogen I,   C40H45N4O16
649.3164592,649.3218,0.0054,                                       briarlide L,     C34H49O12
543.1555623,543.1609,0.0054,canthin-6-one-1-O-[6-O-(3-hydroxy-3-methylgluta...,   C26H27N2O11
418.054381,418.049,0.0054,3-FLUORO-N-[1-(4-FLUOROPHENYL)-3-(2-THIENYL)-1H...,C19H14N3O2S2F2
595.3180726,595.3126,0.0055,N2-[(Benzyloxy)carbonyl]-N-[(3R)-1-{N-[(benzylo...,    C32H43N4O7
781.5321459,781.5378,0.0056,            PG(O-16:0/22:6(4Z,7Z
178.0442443,178.0499,0.0056,                      4-Acetyl-2(3H)-benzoxazolone,       C9H8NO3
584.2066766,584.2126,0.006,                                    Lonijaposide R,    C30H34NO11
705.3784239,705.3845,0.006,                                   Exophillic acid,     C38H57O12
675.2680116,675.2741,0.0061,                                  homodolastatin 3,  C30H43N8O6S2
539.1612048,539.1548,0.0064,                           5-Methoxyxanthocercin A,     C28H27O11
704.420554,704.4133,0.0072,                                         OKDdiA-PE,   C35H63NO11P
825.3060329,825.3137,0.0077,                                          A21459 B,  C40H45N10O8S
988.5106837,988.5026,0.0081,                                  [Asp3,Dhb7]MC-LY
567.3809361,567.3891,0.0082,(24xi)-5alpha-Ergosta-3alpha,11beta
664.4629792,664.4548,0.0082,                                   PS(P-16:0/12:0),    C34H67NO9P
785.3835708,785.3927,0.0092,                            Deferrihydroxycoprogen,   C35H57N6O14
216.0534708,216.0631,0.0097,                  sn-Glycero-3-phosphoethanolamine,     C5H15NO6P
829.519536,829.5097,0.0099,                                         Fulvyne A,     C47H73O12
282.2791507,282.2791,0,                                        Elaidamide,      C18H36NO
443.300283,443.3003,0,                                        ST 24:0;O7,      C24H43O7
341.3048689,341.305,0.0001,                          20-Oxoheneicosanoic acid,      C21H41O3
662.4754514,662.4755,0.0001,                                        LNAPE 30:1,    C35H69NO8P
688.4910503,688.4912,0.0001,                                        LNAPE 32:2,    C37H71NO8P
313.2738423,313.2737,0.0001,                           18-Oxononadecanoic acid,      C19H37O3
313.2738508,313.2737,0.0001,                           18-Oxononadecanoic acid,      C19H37O3
288.2898087,288.2897,0.0001,                                   C17 Sphinganine,     C17H38NO2
255.0973978,255.0975,0.0001,                                2-Hydroxyfelbamate,    C11H15N2O5
608.3920653,608.3922,0.0001,                                      LNAPE 25:1;O,    C30H59NO9P
261.1445482,261.1445,0.0001,                          gamma-Glutamylisoleucine,    C11H21N2O5
455.290499,455.2904,0.0001,                                         Verapamil,    C27H39N2O4
933.5932355,933.5934,0.0001,                                       DGDG O-37:8,     C52H85O14
313.2737788,313.2737,0.0001,                           18-Oxononadecanoic acid,      C19H37O3
479.2767023,479.2768,0.0001,                                        LPA 20:2;O,     C23H44O8P
1027.711611,1027.7114,0.0002,                                    SMGDG O-48:5;O,   C57H103O13S
485.2660925,485.2663,0.0002,                                          LPA 22:5,     C25H42O7P
503.2096413,503.2098,0.0002,                                      ST 27:7;O4;S,     C27H35O7S
552.4025361,552.4024,0.0002,                               CerP 14:0;O2/14:0;O,    C28H59NO7P
326.3055393,326.3053,0.0002,                                         Oleoyl-EA,     C20H40NO2
907.5779672,907.5777,0.0002,                                       DGDG O-35:7,     C50H83O14
459.2508398,459.2506,0.0002,                                          LPA 20:4,     C23H40O7P
473.2660721,473.2663,0.0002,                                        LPEth 19:4,     C24H42O7P
457.2480237,457.2479,0.0002,                                Phytyl diphosphate,    C20H43O7P2
624.3872621,624.3871,0.0002,                                        LNAPS 24:0,   C30H59NO10P
254.2480186,254.2478,0.0002,                                    Palmitoleamide,      C16H32NO
578.277876,578.2782,0.0003,                                    ST 28:6;O5;Tau,    C30H44NO8S
312.2899522,312.2897,0.0003,                              10Z-Heptadecenoyl-EA,     C19H38NO2
369.3114374,369.3112,0.0003,                                   NA-Lys 15:1(9Z),    C21H41N2O3
524.3707141,524.3711,0.0003,                               CerP 14:0;O2/12:0;O,    C26H55NO7P
203.1392899,203.139,0.0003,                                           Ala-Ile,     C9H19N2O3
313.3216534,313.3213,0.0003,                                NA-Putrescine 15:0,     C19H41N2O
959.6087207,959.609,0.0003,                                       DGDG O-39:9,     C54H87O14
211.1081572,211.1077,0.0004,2,6-Dihydroxypseudooxynicotine
531.2618335,531.2622,0.0004,                                      ST 26:2;O6;S,     C26H43O9S
499.2815376,499.2819,0.0004,                                        LPEth 21:5,     C26H44O7P
324.1437785,324.1442,0.0004,                                     Acremoauxin A,     C16H22NO6
477.2616153,477.2612,0.0004,                                        LPA 20:3;O,     C23H42O8P
298.2745867,298.274,0.0005,                                 3-Ketosphingosine,     C18H36NO2
339.1850336,339.1856,0.0005,                                   Benzyl Viologen,      C24H23N2
943.5255478,943.5261,0.0005,                                     Soyasaponin I,     C48H79O18
255.2323716,255.2319,0.0005,                           2-Hexyl-2-decenoic acid,      C16H31O2
270.2796815,270.2791,0.0005,                                        Capsiamide,      C17H36NO
286.1514258,286.151,0.0005,                                    Cyclo(Arg-Glu),    C11H20N5O4
274.2745132,274.274,0.0005,                                   C16 Sphinganine,     C16H36NO2
375.2243008,375.2238,0.0005,                                       Asp-Ile-Lys,    C16H31N4O6
467.1729157,467.1734,0.0005,                                      ST 23:5;O5;S,     C23H31O8S
451.2460277,451.2455,0.0005,                                        LPA 18:2;O,     C21H40O8P
369.1885755,369.1881,0.0005,                                       Asn-His-Val,    C15H25N6O5
538.2454235,538.2449,0.0005,                                       Phe-Trp-Trp,    C31H32N5O4
176.1186786,176.1182,0.0005,                                      Debrisoquine,      C10H14N3
219.174865,219.1743,0.0005,6,8
513.2970831,513.2976,0.0005,                                          LPA 24:5,     C27H46O7P
517.2249108,517.2254,0.0005,                                      ST 28:7;O4;S,     C28H37O7S
532.2722035,532.2727,0.0005,                                    ST 27:6;O3;Tau,    C29H42NO6S
339.2898567,339.2894,0.0005,                      Hydroxyheneicosadienoic acid,      C21H39O3
517.2249523,517.2254,0.0005,                                      ST 28:7;O4;S,     C28H37O7S
592.3978574,592.3973,0.0006,                                        LNAPE 25:1,    C30H59NO8P
261.1439302,261.1445,0.0006,                          gamma-Glutamylisoleucine,    C11H21N2O5
265.2531468,265.2526,0.0006,9,12-Octadecadienal
172.0973658,172.0968,0.0006,                                 2-Hexenoylglycine,      C8H14NO3
553.2567124,553.2561,0.0006,                                     PA 18:4/7:3;O,     C28H42O9P
426.262085,426.2615,0.0006,                                          LPC 11:0,    C19H41NO7P
349.1724202,349.1718,0.0006,                                       Asp-Lys-Ser,    C13H25N4O7
518.2564643,518.2571,0.0006,                                    ST 26:6;O3;Tau,    C28H40NO6S
459.2512174,459.2506,0.0006,                                          LPA 20:4,     C23H40O7P
413.2349763,413.2356,0.0006,                                      ST 22:1;O2;S,     C22H37O5S
492.2408322,492.2414,0.0006,                                    ST 24:5;O3;Tau,    C26H38NO6S
399.2523327,399.253,0.0006,                                 FAHFA 10:2/O-15:5,      C25H35O4
447.1992873,447.1987,0.0006,                                       Asn-Gln-Trp,    C20H27N6O6
353.3056593,353.305,0.0006,                         Hydroxydocosadienoic acid,      C22H41O3
524.3716189,524.3711,0.0006,                               CerP 14:0;O2/12:0;O,    C26H55NO7P
513.2970122,513.2976,0.0006,                                          LPA 24:5,     C27H46O7P
508.3767435,508.3761,0.0006,                                 CerP 14:0;O2/12:0,    C26H55NO6P
675.4238229,675.4232,0.0007,                                   PA 14:1/18:2;O2,    C35H64O10P
267.2689589,267.2682,0.0007,                                    2E-Octadecenal,       C18H35O
521.2196443,521.2204,0.0007,                                      ST 27:6;O5;S,     C27H37O8S
648.459214,648.4599,0.0007,                                        LNAPE 29:1,    C34H67NO8P
535.3037548,535.303,0.0007,                                          LPG 20:3,     C26H48O9P
309.112859,309.1121,0.0007,                              Bisdemethoxycurcumin,      C19H17O4
171.1022617,171.1016,0.0007,                 Ethyl 4-oxocyclohexanecarboxylate,       C9H15O3
304.1284788,304.1292,0.0007,                            Indoleacetyl glutamine,    C15H18N3O4
332.18243,332.1816,0.0008,                                       Ala-Glu-Ile,    C14H26N3O6
564.2617725,564.2626,0.0008,                                    ST 27:6;O5;Tau,    C29H42NO8S
510.2148406,510.2156,0.0008,                                    ST 23:5;O5;Tau,    C25H36NO8S
535.2352401,535.236,0.0008,                                      ST 28:6;O5;S,     C28H39O8S
959.6097908,959.609,0.0008,                                       DGDG O-39:9,     C54H87O14
475.2141095,475.2149,0.0008,                                      ST 26:6;O3;S,     C26H35O6S
313.2729052,313.2737,0.0008,                           18-Oxononadecanoic acid,      C19H37O3
433.1838372,433.183,0.0008,                                       Asn-Asn-Trp,    C19H25N6O6
309.2052351,309.206,0.0008,                                 5-O-Methylembelin,      C18H29O4
636.4589615,636.4599,0.0009,                                        LNAPE 28:0,    C33H67NO8P
162.0769342,162.0761,0.0009,                3-Amino-2,3-dideoxy-scyllo-inosose
311.2571188,311.2581,0.0009,                       Hydroxynonadecadienoic acid,      C19H35O3
330.3011775,330.3003,0.0009,                                   Cer 8:0;O2/11:0,     C19H40NO3
532.2718721,532.2727,0.0009,                                    ST 27:6;O3;Tau,    C29H42NO6S
324.1432064,324.1442,0.001,                                     Acremoauxin A,     C16H22NO6
475.2139302,475.2149,0.001,                                      ST 26:6;O3;S,     C26H35O6S
497.2887359,497.2898,0.001,                                         Absinthin,      C30H41O6
334.1619269,334.1609,0.0011,                                       Asp-Ile-Ser,    C13H24N3O7
714.4715177,714.4704,0.0011,                                      LNAPE 33:4;O,    C38H69NO9P
489.1930581,489.1941,0.0011,                                      ST 26:7;O4;S,     C26H33O7S
550.2458185,550.2469,0.0011,                                    ST 26:6;O5;Tau,    C28H40NO8S
188.176786,188.1757,0.0011,                               N1-Acetylspermidine,      C9H22N3O
274.275186,274.274,0.0011,                                   C16 Sphinganine,     C16H36NO2
319.262075,319.2632,0.0011,                  20S-Hydroxy-5alpha-pregnan-3-one,      C21H35O2
339.2904342,339.2894,0.0011,                      Hydroxyheneicosadienoic acid,      C21H39O3
313.2726359,313.2737,0.0011,                           18-Oxononadecanoic acid,      C19H37O3
453.2623955,453.2635,0.0011,                                        ST 28:7;O5,      C28H37O5
569.2521224,569.251,0.0011,                                    PA 18:4/7:3;O2,    C28H42O10P
380.1133877,380.1122,0.0012,                                       Asp-Asp-Met,   C13H22N3O8S
277.1155015,277.1143,0.0012,                  5-Amino-6-(D-Ribitylamino)uracil,     C9H17N4O6
497.2885885,497.2874,0.0012,                                          LPG 17:1,     C23H46O9P
362.2677346,362.269,0.0012,                              NA-Dopamine 14:1(9Z),     C22H36NO3
335.1265946,335.1278,0.0012,                        3-O-Methylanhydrotuberosin,      C21H19O4
824.6385849,824.6399,0.0013,                                         DGTS 41:7,     C51H86NO7
348.0716719,348.0704,0.0013,                                            3'-AMP,   C10H15N5O7P
302.3066591,302.3053,0.0013,                                       Sphinganine,     C18H40NO2
330.1672611,330.166,0.0013,                                       Asp-Pro-Val,    C14H24N3O6
425.2156758,425.217,0.0013,                                    Didrovaltratum,      C22H33O8
391.1893505,391.188,0.0013,                                        LPEth 13:3,     C18H32O7P
473.2649447,473.2663,0.0013,                                        LPEth 19:4,     C24H42O7P
533.2860888,533.2874,0.0013,                                          LPG 20:4,     C26H46O9P
297.2410851,297.2424,0.0013,                                          10R-HODE,      C18H33O3
519.2700787,519.2714,0.0013,                                       Lys-Trp-Trp,    C28H35N6O4
768.121044,768.1225,0.0014,                                        Coenzyme A,C21H37N7O16P3S
116.0720216,116.0706,0.0014,                                 Acetamidopropanal,      C5H10NO2
176.0931377,176.0917,0.0014,                                     Calystegin B2,      C7H14NO4
655.3160334,655.3147,0.0014,                                         SQMG 24:7,    C33H51O11S
1062.379749,1062.3784,0.0014,                               3-Oxopristanoyl-CoA,C40H71N7O18P3S
254.1009264,254.1023,0.0014,                            1-Carboxyethyltyrosine,     C12H16NO5
518.2556593,518.2571,0.0014,                                    ST 26:6;O3;Tau,    C28H40NO6S
361.23589,361.2373,0.0014,                                   10S,17S-DiHDoHE
331.2253389,331.2268,0.0014,                       11alpha-Hydroxyprogesterone,      C21H31O3
407.1902104,407.1887,0.0015,                                      ST 22:4;O2;S,     C22H31O5S
136.0632836,136.0618,0.0015,                                           Adenine,        C5H6N5
267.060499,267.062,0.0015,                                  Methoxybrassinin,   C12H15N2OS2
311.0823257,311.0808,0.0015,                                  Sulfadimethoxine,   C12H15N4O4S
459.2491106,459.2506,0.0015,                                          LPA 20:4,     C23H40O7P
551.3563192,551.3578,0.0015,                                   ST 25:1;O2;GlcA,      C31H51O8
239.0897893,239.0914,0.0016,3,4
355.2826455,355.2843,0.0016,                                 FAHFA 10:0/O-11:1,      C21H39O4
498.2587646,498.2572,0.0016,                                       Arg-His-Trp,    C23H32N9O4
421.2333341,421.235,0.0016,                                          LPA 17:2,     C20H38O7P
341.2670735,341.2686,0.0016,                                11-Deoxy-PGF1alpha,      C20H37O4
547.3824723,547.3841,0.0016,                                       MGDG O-20:1,      C29H55O9
268.1195442,268.1179,0.0016,                                       NA-DOPA 4:0,     C13H18NO5
668.3575205,668.3558,0.0017,                                        LNAPS 28:6,   C34H55NO10P
499.2554918,499.2538,0.0017,                                         MGGA 16:4,     C25H39O10
743.4840957,743.4858,0.0017,                                          BMP 34:4,    C40H72O10P
266.2097467,266.2114,0.0017,                                         Micropine,     C16H28NO2
411.2724253,411.2741,0.0017,                                        ST 23:1;O6,      C23H39O6
377.1472394,377.1456,0.0017,                                       Asp-Gly-Trp,    C17H21N4O6
533.3667074,533.3684,0.0017,                                         MGMG 19:1,      C28H53O9
577.392949,577.3946,0.0017,                                    MGDG 10:0_11:0,     C30H57O10
467.2421198,467.2404,0.0017,                                       LPA 18:2;O2,     C21H40O9P
291.2301325,291.2319,0.0017,                         5alpha-Dihydrotesosterone,      C19H31O2
489.2288777,489.2305,0.0017,                                      ST 27:6;O3;S,     C27H37O6S
561.398008,561.3997,0.0017,                                       MGDG O-21:1,      C30H57O9
547.3013226,547.303,0.0017,                                     PA 16:0/8:3;O,     C27H48O9P
375.2512516,375.253,0.0017,                                     Digitoxigenin,      C23H35O4
397.2930753,397.2948,0.0018,                         PGF2alpha isopropyl ester,      C23H41O5
470.2730748,470.2748,0.0018,                                    ST 22:1;O6;Gly,     C24H40NO8
374.3035739,374.3053,0.0018,                            Arachidonoylmorpholine,     C24H40NO2
376.3192412,376.321,0.0018,                                       Adrenoyl-EA,     C24H42NO2
399.3087183,399.3105,0.0018,                                   DG 18:1/2:0/0:0,      C23H43O5
489.2287266,489.2305,0.0018,                                      ST 27:6;O3;S,     C27H37O6S
810.6351378,810.6371,0.0019,                                    PE O-24:2/18:2,    C47H89NO7P
442.2780087,442.2799,0.0019,                                         MGCC 13:3,     C23H40NO7
267.1358295,267.1339,0.0019,                                           Phe-Thr,    C13H19N2O4
222.1368717,222.1349,0.0019,                                     Dihydrozeatin,     C10H16N5O
394.3297027,394.3316,0.0019,                              NA-Gly 22:2(13Z,16Z)
507.2698639,507.2717,0.0019,                                          LPG 18:3,     C24H44O9P
595.3801131,595.3782,0.0019,7,8-Didehydroastaxanthin
383.2056702,383.2037,0.0019,                                       Asn-His-Ile,    C16H27N6O5
411.2721205,411.2741,0.002,                                        ST 23:1;O6,      C23H39O6
380.1448685,380.1469,0.002,                                         LPC 7:3;O,    C15H27NO8P
409.1756495,409.1776,0.002,                                    Beclomethasone,    C22H30O5Cl
367.1917258,367.1938,0.002,                                       ST 20:2;O;S,     C20H31O4S
575.4133476,575.4154,0.002,                                       MGDG O-22:1,      C31H59O9
605.4239669,605.4259,0.002,                                    MGDG 10:0_13:0,     C32H61O10
409.2717098,409.2737,0.002,                                        ST 27:6;O3,      C27H37O3
361.1697371,361.1718,0.002,                                       Asn-Asp-Ile,    C14H25N4O7
732.551676,732.5538,0.0021,                                        LNAPE 35:1,    C40H79NO8P
395.2770817,395.2792,0.0021,                                    Norcholic acid,      C23H39O5
324.1574788,324.1554,0.0021,                                       Ala-Ala-Tyr,    C15H22N3O5
277.1526005,277.1547,0.0021,                                    Cyclo(Ile-Tyr),    C15H21N2O3
493.3138689,493.316,0.0021,                                    ST 22:1;O;GlcA,      C28H45O7
301.1413578,301.1434,0.0021,                                        ST 18:5;O4,      C18H21O4
449.2641355,449.2663,0.0021,                                        LPEth 17:2,     C22H42O7P
262.1207393,262.1186,0.0021,                                    Cyclo(Asn-Phe),    C13H16N3O3
313.2716013,313.2737,0.0021,                           18-Oxononadecanoic acid,      C19H37O3
449.2049286,449.2071,0.0022,                                         Obliquine,    C26H29N2O5
485.1134202,485.1112,0.0022,                                      ST 21:6;O8;S,    C21H25O11S
507.2752859,507.2775,0.0022,                                      ST 28:4;O3;S,     C28H43O6S
625.3924372,625.3946,0.0022,                                     MGDG O-25:5;O,     C34H57O10
318.3026049,318.3003,0.0023,                                  Phytosphingosine,     C18H40NO3
483.29299,483.2952,0.0023,                                   ST 20:0;O2;GlcA,      C26H43O8
391.2932549,391.2955,0.0023,                        NA-Orn 18:4(6Z,9Z
581.3661137,581.3684,0.0023,                                       MGDG O-23:5,      C32H53O9
507.269493,507.2717,0.0023,                                          LPG 18:3,     C24H44O9P
268.1203283,268.1179,0.0024,                                       NA-DOPA 4:0,     C13H18NO5
499.2794889,499.2819,0.0024,                                        LPEth 21:5,     C26H44O7P
427.3030005,427.3054,0.0024,                                        ST 24:0;O6,      C24H43O6
449.2873716,449.2898,0.0024,                                     ST 20:2;O;Hex,      C26H41O6
533.2849599,533.2874,0.0024,                                          LPG 20:4,     C26H46O9P
371.1649285,371.1674,0.0024,                                       Asn-His-Thr,    C14H23N6O6
522.352938,522.3554,0.0024,                                      LPC 18:1(9Z),    C26H53NO7P
291.095085,291.0975,0.0025,                     Indole-3-acetyl-aspartic acid,    C14H15N2O5
524.2730264,524.2755,0.0025,                                        Calcimycin,    C29H38N3O6
537.3396734,537.3422,0.0025,                                   ST 24:1;O2;GlcA,      C30H49O8
184.1105607,184.108,0.0025,                             N,N-Dimethylhistidine
395.1673928,395.17,0.0026,                                    Glaucarubolone,      C20H27O8
524.2702531,524.2676,0.0026,                                    ST 25:4;O4;Tau,    C27H42NO7S
619.4389413,619.4416,0.0026,                                    MGDG 10:0_14:0,     C33H63O10
206.1235566,206.1209,0.0026,                               Tetrahomomethionine,     C9H20NO2S
385.1803985,385.183,0.0026,                                       Gln-His-Thr,    C15H25N6O6
768.4108054,768.4082,0.0026,                                   PS 20:3/13:4;O2,   C39H63NO12P
569.3017046,569.299,0.0027,                                         SQMG 17:1,    C26H49O11S
409.1631715,409.1659,0.0027,                                        Devazepide,    C25H21N4O2
681.4826104,681.4854,0.0028,                                        LPEth 34:5,     C39H70O7P
766.5352985,766.5381,0.0028,                                        LNAPE 38:5,    C43H77NO8P
214.008339,214.0111,0.0028,                           4-Phospho-aspartic acid,      C4H9NO7P
515.2337581,515.2309,0.0028,                                      ST 25:3;O6;S,     C25H39O9S
275.1281273,275.1309,0.0028,                                    Chlorphenamine,    C16H20N2Cl
174.1208759,174.1237,0.0028,                                       Indospicine,     C7H16N3O2
609.3332424,609.3303,0.0029,                                         SQMG 20:2,    C29H53O11S
473.3455673,473.3486,0.003,                   NA-Arg 22:5(7Z,10Z
371.2775179,371.2805,0.003,                          1-Naphthylacetylspermine,     C22H35N4O
473.3455838,473.3486,0.003,                   NA-Arg 22:5(7Z,10Z
708.4649751,708.4681,0.0031,                                      DGCC 29:5;O2,    C39H66NO10
623.3490777,623.346,0.0031,                                         SQMG 21:2,    C30H55O11S
597.3334466,597.3303,0.0031,                                         SQMG 19:1,    C28H53O11S
203.1421388,203.139,0.0031,                                           Ala-Ile,     C9H19N2O3
705.3794502,705.3762,0.0032,                                          BMP 32:9,    C38H58O10P
371.1641927,371.1674,0.0032,                                       Asn-His-Thr,    C14H23N6O6
507.3284552,507.3316,0.0032,                                    ST 23:1;O;GlcA,      C29H47O7
251.160832,251.1642,0.0033,                                       Gemfibrozil,      C15H23O3
463.3020878,463.3054,0.0033,                                 3-Dehydroecdysone,      C27H43O6
547.263291,547.2667,0.0034,                                        LPG 20:5;O,    C26H44O10P
597.333724,597.3303,0.0034,                                         SQMG 19:1,    C28H53O11S
563.2662904,563.2698,0.0035,                                   ST 20:0;O7;GlcA,     C26H43O13
230.0993044,230.0958,0.0035,                                     Ergothioneine,    C9H16N3O2S
609.3338,609.3303,0.0035,                                         SQMG 20:2,    C29H53O11S
357.1482144,357.1517,0.0035,                                       Asn-His-Ser,    C13H21N6O6
317.1348815,317.1383,0.0035,                                      Sorgolactone,      C18H21O5
285.0865343,285.083,0.0036,                                        Xanthosine,    C10H13N4O6
405.2599642,405.2635,0.0036,2beta,3beta-Dihydroxy-6-oxo-5alpha-chol-7-en-24...
322.1207859,322.1245,0.0037,                                       Asp-Ser-Thr,    C11H20N3O8
659.2865304,659.2827,0.0038,                                        LPI 22:7;O,    C31H48O13P
308.1927693,308.189,0.0038,                                   NA-Taurine 12:0,    C14H30NO4S
191.0775788,191.0736,0.0039,                  2-Oxo-7-methylthioheptanoic acid,      C8H15O3S
595.3185151,595.3147,0.0039,                                         SQMG 19:2,    C28H51O11S
749.5462995,749.5503,0.004,                                 FAHFA 25:7/O-26:7,      C51H73O4
639.4060506,639.402,0.004,                                      PA 10:0_22:5,     C35H60O8P
486.2738632,486.2698,0.0041,                                    ST 22:1;O7;Gly,     C24H40NO9
410.2578356,410.2537,0.0041,                                        CAR DC15:3,     C22H36NO6
391.165282,391.1612,0.0041,                                       Ala-Asp-Trp,    C18H23N4O6
419.275039,419.2792,0.0042,                                        ST 25:3;O5,      C25H39O5
462.2200052,462.2156,0.0044,                                    ST 19:1;O5;Tau,    C21H36NO8S
531.2302218,531.2258,0.0044,                                      ST 25:3;O7;S,    C25H39O10S
455.2143658,455.2098,0.0046,                                      ST 23:3;O4;S,     C23H35O7S
433.2300836,433.2254,0.0046,                                      ST 21:0;O4;S,     C21H37O7S
217.0925361,217.0971,0.0046,                             Cyclomethyltryptophan,    C12H13N2O2
631.3418043,631.3371,0.0047,                                       LPGP P-22:1,   C28H57O11P2
425.13905,425.1343,0.0047,                                         Adifoline,    C22H21N2O7
356.2114145,356.2068,0.0047,                                        CAR DC11:2,     C18H30NO6
276.123699,276.119,0.0047,                                       Ala-Ala-Asp,    C10H18N3O6
453.1740086,453.1789,0.0049,                                      ST 19:0;O7;S,    C19H33O10S
659.2879079,659.2827,0.0052,                                        LPI 22:7;O,    C31H48O13P
437.1940678,437.1992,0.0052,                                      ST 23:4;O3;S,     C23H33O6S
354.1963499,354.1911,0.0052,                                        CAR DC11:3,     C18H28NO6
403.1626463,403.1574,0.0053,                                      ST 22:6;O2;S,     C22H27O5S
663.4648681,663.4595,0.0053,                                    PA 14:0/18:1;O,     C35H68O9P
310.097699,310.0921,0.0056,                               Inodxyl glucuronide,     C14H16NO7
599.292398,599.298,0.0056,                                    PA 18:2/9:4;O2,    C30H48O10P
649.4496656,649.4439,0.0058,                                     PA 22:0/9:1;O,     C34H66O9P
693.4759457,693.4701,0.0058,                                      PG 10:0_20:1,    C36H70O10P
323.1219217,323.1278,0.0059,                                      Abyssinone I,      C20H19O4
437.1933038,437.1992,0.0059,                                      ST 23:4;O3;S,     C23H33O6S
409.2643126,409.2585,0.0059,                                        ST 23:2;O6,      C23H37O6
384.2441667,384.2381,0.0061,                                        CAR DC13:2,     C20H34NO6
1083.728053,1083.7342,0.0062,                                      DGDG O-48:10,    C63H103O14
205.1397469,205.1335,0.0062,                                         Bufotenin,     C12H17N2O
536.2375644,536.2313,0.0063,                                    ST 25:6;O5;Tau,    C27H38NO8S
511.3201785,511.3265,0.0064,                                   ST 22:0;O2;GlcA,      C28H47O8
621.5541015,621.5605,0.0064,                                           CE 16:2,      C43H73O2
707.4923113,707.4858,0.0066,                                   PA 16:0/18:1;O2,    C37H72O10P
296.9719935,296.9787,0.0067,                                         Dithianon,   C14H5N2O2S2
751.51866,751.512,0.0067,                                         HBMP 33:0,    C39H76O11P
349.0613772,349.0544,0.007,                                               IMP,   C10H14N4O8P
1069.725688,1069.7186,0.0071,                                      DGDG O-47:10,    C62H101O14
365.2400989,365.2475,0.0074,                                        Quinestrol,      C25H33O2
633.2650674,633.2575,0.0075,                                       SQDG 20:5;O,    C29H45O13S
167.1142098,167.1067,0.0076,                                 Bornane-2,5-dione
531.3868943,531.3792,0.0077,                                       NA-Orn 26:5,    C31H51N2O5
129.0023331,129.0102,0.0078,                                    2-Chlorophenol,       C6H6OCl
168.1210535,168.1131,0.0079,      2-(Dimethylamino)-5,6-dimethylpyrimidin-4-ol
253.0414997,253.0495,0.008,                                   Morindaparvin A,       C15H9O4
443.334801,443.3268,0.008,                NA-Orn 22:6(4Z,7Z
517.3715869,517.3636,0.008,                                       NA-Orn 25:5,    C30H49N2O5
459.3297655,459.3217,0.008,                   NA-Gln 22:5(7Z,10Z
517.3715465,517.3636,0.008,                                       NA-Orn 25:5,    C30H49N2O5
498.1710242,498.1792,0.0082,                                    ST 21:5;O6;Tau,    C23H32NO9S
1041.718825,1041.727,0.0082,                                    SMGDG O-49:5;O,   C58H105O13S
503.3561578,503.3479,0.0082,                                       NA-Orn 24:5,    C29H47N2O5
429.3194505,429.3112,0.0083,                                       NA-Trp 15:0,    C26H41N2O3
537.3337708,537.3422,0.0084,                                   ST 24:1;O2;GlcA,      C30H49O8
415.3038653,415.2955,0.0084,                                       NA-Trp 14:0,    C25H39N2O3
367.2352378,367.2268,0.0085,                                        ST 24:6;O3,      C24H31O3
200.0405613,200.0318,0.0087,                               O-Phosphohomoserine,     C4H11NO6P
328.141415,328.1503,0.0089,                                       Asp-Pro-Pro,    C14H22N3O6
360.0833758,360.0925,0.0091,                                      Triglochinin,    C14H18NO10
250.1126056,250.1034,0.0092,                                       Gly-Ser-Ser,     C8H16N3O6
287.1522105,287.1615,0.0093,                                          Abacavir,     C14H19N6O
287.152054,287.1615,0.0094,                                          Abacavir,     C14H19N6O
237.075651,237.0658,0.0098,                                          Amalorin,     C14H9N2O2
280.1445162,280.1543,0.0098,                                         Metalaxyl,     C15H22NO4
313.1698774,313.1798,0.0099,                         2-Hydroxyethinylestradiol,      C20H25O3
